Tirana,ALB
Berlin,GER
Dortmund,GER
Frankfurt,GER
Stuttgart,GER
Munich,GER
Salzburgo,AUT
Viena,AUT
Bruselas,BEL
Charleroi,BEL
Lieja,BEL
Amberes,BEL
Minsk,BLR
Saravejo,BIH
Sofia,BUL
Larnaca,CYP
Zagreb,CRO
Copenhague,DEN
Aalborg,DEN
Bratislava,SVK
Liubliana,SLO
Madrid,ESP
Las Palmas,ESP
Ibiza,ESP
Barcelona,ESP
Sevilla,ESP
Helsinki,FIN
Paris,FRA
Niza,FRA
Nantes,FRA
Marsella,FRA
Lyon,FRA
Atenas,GRE
Budapest,HUN
Dublin,IRL
Keflavik,ISL
Florencia,ITA
Milan,ITA
Palermo,ITA
Roma,ITA
Turin,ITA
Venecia,ITA
Napoles,ITA
Riga,LAT
Vilna,LTU
Luqa,MLT
Podgorica,MNE
Oslo,NOR
Amsterdam,NED
Eindhoven,NED
Varsovia,POL
Cracovia,POL
Lisboa,POR
Edimburgo,GBR
Liverpool,GBR
Londres,GBR
Manchester,GBR
Norwich,GBR
Praga,CZE
Bucarest,ROU
Moscu,RUS
Belgrado,SRB
Estocolmo,SWE
Ginebra,SUI
Berna,SUI
Zurich,SUI
Estambul,TUR
Kiev,UKR
